Title,Price,Date
"DAYDAYUP Hestia Goods Switch Carrying Case Compatible with Nintendo Switch, with 20 Games Cartridges Protective Hard Shell Travel Carrying Case Pouch for Nintendo Switch Console & Accessories, Black",$17.99,2021-12-29
"DAYDAYUP Hestia Goods Switch Carrying Case Compatible with Nintendo Switch, with 20 Games Cartridges Protective Hard Shell Travel Carrying Case Pouch for Nintendo Switch Console & Accessories, Black",$17.99,2021-12-29
"DAYDAYUP Hestia Goods Switch Carrying Case Compatible with Nintendo Switch, with 20 Games Cartridges Protective Hard Shell Travel Carrying Case Pouch for Nintendo Switch Console & Accessories, Black",$17.99,2021-12-29
"DAYDAYUP Hestia Goods Switch Carrying Case Compatible with Nintendo Switch, with 20 Games Cartridges Protective Hard Shell Travel Carrying Case Pouch for Nintendo Switch Console & Accessories, Black",$17.99,2021-12-29
"DAYDAYUP Hestia Goods Switch Carrying Case Compatible with Nintendo Switch, with 20 Games Cartridges Protective Hard Shell Travel Carrying Case Pouch for Nintendo Switch Console & Accessories, Black",$17.99,2021-12-29
"DAYDAYUP Hestia Goods Switch Carrying Case Compatible with Nintendo Switch, with 20 Games Cartridges Protective Hard Shell Travel Carrying Case Pouch for Nintendo Switch Console & Accessories, Black",$17.99,2021-12-29
"DAYDAYUP Hestia Goods Switch Carrying Case Compatible with Nintendo Switch, with 20 Games Cartridges Protective Hard Shell Travel Carrying Case Pouch for Nintendo Switch Console & Accessories, Black",$17.99,2021-12-29
"DAYDAYUP Hestia Goods Switch Carrying Case Compatible with Nintendo Switch, with 20 Games Cartridges Protective Hard Shell Travel Carrying Case Pouch for Nintendo Switch Console & Accessories, Black",$17.99,2021-12-29
"DAYDAYUP Hestia Goods Switch Carrying Case Compatible with Nintendo Switch, with 20 Games Cartridges Protective Hard Shell Travel Carrying Case Pouch for Nintendo Switch Console & Accessories, Black",$17.99,2021-12-29
"DAYDAYUP Hestia Goods Switch Carrying Case Compatible with Nintendo Switch, with 20 Games Cartridges Protective Hard Shell Travel Carrying Case Pouch for Nintendo Switch Console & Accessories, Black",$17.99,2021-12-29
"DAYDAYUP Hestia Goods Switch Carrying Case Compatible with Nintendo Switch, with 20 Games Cartridges Protective Hard Shell Travel Carrying Case Pouch for Nintendo Switch Console & Accessories, Black",$17.99,2021-12-29
